product_name,category,material,review_num,image_url,size_recommendations,styling_suggestion,unique_product_features,keywords,recommend_indicators
컨버스 척 70 클래식 162058C,캐주얼화,패브릭,8876,https://img.danawa.com/prod_img/500000/545/287/img/3287545_1.jpg?shrink=330:*&_v=20230404154211,,스타일링 제안에 대한 정보나 언급은 없었습니다.,"- 컨버스 척 70 클래식은 척 테일러 올스타 클래식 모델을 업그레이드한 제품이다.
- 크기, 바디 스티치, 고무 소재의 화이트 톤, 미드솔과 아웃솔의 두께 등에서 차이가 있다.
- 인솔은 두 모델 모두 폼 소재로 되어있지만 척 70은 더 고급 소재의 폼이 사용되었다.
- 고무끈 대신 지퍼가 달려있어 비대칭 디자인으로 포인트를 줄 수 있다.
- 컨버스 척 70 클래식은 근본 100년간 누적판매량이 약 10억 켤레로 매우 인기 있는 신발이다.","척 테일러 올스타 클래식, 업그레이드, 크기, 바디 스티치, 고무 소재, 미드솔, 아웃솔, 인솔, 고급 소재의 폼, 지퍼, 비대칭 디자인, 깔끔한 디자인, 여자에게 어울림, 가성비, 선물로 사용하기 좋음, 100년간 누적판매량 10억 켤레, 기능성과 스니커즈 개발 브랜드, 다양한 스타일링, 로우 모델, 하이 모델, 패턴, 책상",0.6775672288168044
크록스 크록밴드 11016-410,샌들,크로슬라이트,5730,https://img.danawa.com/prod_img/500000/782/684/img/1684782_1.jpg?shrink=330:*&_v=20230602175256,크록스 크록밴드를 구매할 때는 발 앞부분이 여유로워 정사이즈를 선택하는 것이 좋습니다 이는 발이 편안하게 느껴지고 착용감을 높여줍니다 사이즈 추천 정보는 제공되지 않았습니다.,"크록스 크록밴드는 다양한 스타일에 어울리며 여름 필수템으로 많이 사용되고 있습니다 캐주얼한 룩에서부터 여름 원피스나 비치웨어까지 다양한 아이템과 함께 매치할 수 있습니다 크록스 크록밴드는 유용하게 실생활에서 활용될 수 있으며, 개성을 살릴 수 있습니다 또한 크록스 크록밴드는 남녀 공용으로 사용할 수 있어 캠핑이나 여름철에 활용하기 좋습니다 양말과 매칭하여도 예쁘게 연출할 수 있습니다 크록스 크록밴드는 루즈한 스타일링에 잘 어울리며, 반바지나 미니스커트와 함께 코디하면 스포티한 느낌을 연출할 수 있습니다.","크록스 크록밴드는 편안한 착용감과 탄력 있는 소재로 제작되어 있으며, 통풍성과 배수성이 뛰어나 발에 시원한 느낌을 줍니다 내구성이 높고 세탁이 간편하며, 어린이나 휴게용으로도 추천됩니다 병행 제품과의 차이는 로고, 바닥 디자인, 사이즈 표기 등에서 확인할 수 있으며, 착용감이나 품질에 큰 차이는 없습니다 다만, 크록밴드는 특정 상황에서 안전에 문제가 있을 수 있기 때문에 적절한 상황에서 사용해야 합니다.","Keywords  신고 벗기가 편하다, 탄력 있는 소재, 통풍성, 배수성, 내구성, 세탁이 간편하다, 휴게나 어린이 신발로 추천, 구멍이 형성되어있다, 다양한 사이즈, 정품과 병행 제품의 차이",
나이키 에어맥스 AP CU4870-102,운동화,폴리에스터,3236,https://img.danawa.com/prod_img/500000/704/376/img/17376704_1.jpg?shrink=330:*&_v=20220701145622,나이키 에어맥스 AP는 발볼이 넓은 분들에게 추천됩니다,"해당 텍스트는 나이키 에어맥스 AP의 styling suggestion에 대한 정보를 담고 있습니다 이 신발은 다양한 캐주얼한 스타일링과 어울리며, 반바지와 함께 착용하여 데일리 룩으로도 편하게 신을 수 있습니다 또한, 캐주얼한 룩부터 메카지 빈티지 알로 베까지 다양한 스타일에 활용할 수 있습니다 특히 크롭탑이나 레깅스와 함께 캐주얼한 스타일링을 할 수 있으며, 블랙이나 그레이 컬러의 신발로써 포인트로 활용할 수 있습니다.","나이키 에어맥스 AP는 얇은 애호가와 두꺼운 앞코로 충격 흡수와 편안한 착용감을 제공합니다 발포 소재와 통풍 구멍으로 통풍성이 우수하며, 안정적인 피팅을 위해 발목 패딩과 발뒤꿈치 힐 컵이 있습니다 가격 대비 만족도가 높으며 스포티함과 세련된 디자인으로 다양한 옷에 어울립니다 미드솔은 말랑말랑하고 부드러워 편안함을 느낄 수 있고, 다양한 색상과 사이즈로 출시되었습니다.","Keywords 얇은 애호가, 두꺼운 앞코, 충격 흡수, 편안한 착용감, 통풍성, 안정적인 피팅, 가격 대비 만족도, 스포티함, 세련된 디자인, 메쉬 소재, 말랑말랑한 미드솔, 다양한 색상, 편함, 빈티지 러닝화 스타일, 깔끔한 디자인, 통기성, 친환경 소재, 미끄럼 방지 기능, 레트로한 느낌, 예쁘고 데일리한 사용, 콜라보 상품.",
아디다스 오즈위고 EE6999,운동화,"천연가죽,PU(폴리우레탄)",2202,https://img.danawa.com/prod_img/500000/485/211/img/9211485_1.jpg?shrink=330:*&_v=20220715131021,,,,,
페이퍼플레인 군용 슬리퍼,슬리퍼,EVA,1919,https://img.danawa.com/prod_img/500000/958/608/img/8608958_1.jpg?shrink=330:*&_v=20230830095123,"따라서, 특정한 크기에 대한 언급은 없으며, 주어진 정보에서는 어떤 사이즈를 선택해야 하는지 알 수 없습니다 또한, 언급된 사이즈 추천 요건이 없으므로, 정확한 사이즈를 판단하는 데는 추가 정보가 필요합니다.","한 개 요약:
페이퍼플레인 군용 슬리퍼는 훈련소나 군대에서 많이 신고 추억을 떠올리며 신을 수 있는 초록색 슬리퍼로 다양한 스타일링이 가능하다 군복과 함께 착용하거나 트레이닝복과 매치하여 캐주얼한 룩을 완성할 수 있다.","페이퍼플레인 군용 슬리퍼는 튼튼하고 유연한 해와 중앙에 손유리를 넣어주는 디자인으로 안정감과 편안함을 제공한다 물빠짐을 좋게 하는 구조로 제작되어 있다 쿠션감이 좋고 도톰한 소재를 사용하여 편한 착화감을 제공하는데, 물 세척을 통해 항상 새것처럼 유지할 수 있다 또한, 내구성이 뛰어나고 찢어지지 않는 EVA 소재를 사용하여 장기간 사용할 수 있다 군용 제품이며 블랙 색상으로 나와 군대 생활에 적합하다 일부 사이즈는 품절이 임박하다고 언급되었다.","튼튼하고 유연한, 안정감, 미끄러지지 않도록, 쿠션 감이 좋고 도톰한 소재, 내구성이 뛰어나고 찢어지지 않음, 방수 효과, 견고한 디자인",
반스 컴피쿠시 올드스쿨 VN0A3WMAVNE1,캐주얼화,패브릭,1870,https://img.danawa.com/prod_img/500000/289/356/img/7356289_1.jpg?shrink=330:*&_v=20220105133755,반스 컴피쿠시 올드스쿨은 발을 잘 맞추기 위해 정확한 사이즈를 고려해야 한다 언급된 사이즈는 큰 사이즈와 작은 사이즈 이외에는 없다 발사 서 예쁘게 보이기 위해서는 정확한 사이즈를 선택하는 것이 좋다.,"- 카이퍼 클래식은 헬스장에서의 운동에 적합하며, 일상적인 착용에도 좋음.
- 컴피쿠시는 편안한 착화감과 편리함으로 일상적인 신발로 유용함.
- 스케이트 올드스쿨은 스케이트보딩에 최적화된 신발로, 스케이트보더들에게 추천함.
- 애너하임은 빈티지하고 독특한 디자인으로 빈티지 스타일을 선호하는 사람들에게 어울림.
- 볼트는 고품질과 빈티지 느낌을 선호하는 사람들에게 추천하는 오리지널한 스타일임.","반스 컴피쿠시 올드스쿨은 가볍고 트렌디한 느낌을 주는 신발로, 약간 높은 굽과 넓은 쉐입이 특징이다 볼트는 반스의 프리미엄 라인으로, 얄쌍한 쉐입과 두꺼운 폭싱 테이프를 가지고 있다 컴퓨터 C 올드스쿨은 가볍고 신발 전체가 편안함을 주는 것에 초점을 맞추어 개발되었다 슬립온은 트렌디하고 심플한 디자인으로 인기가 많으며 발볼에 잘 맞도록 추천된다 반스 컴피쿠시 올드스쿨은 1960-70년대 미국의 반항적인 청소년 보더들의 정서를 반영하여 만들어진 스니커즈로 와플 창이 트랙션과 마찰력이 좋아 인기가 있다.","Keywords  가볍고 좋은 착화감, 약간 높은 굽, 좌우로 넓은 쉐입, 빈티지한 느낌, 굵은 스트라이프, 얄쌍한 쉐입, 두꺼운 폭싱 테이프, 약간 항 스러운 느낌, 울트라 쿠시 소재, 플랫폼 라인, 매끈하고 깔끔한 디자인, 오리지널 실루엣, 복싱 테이프 처리된 아웃솔, 가죽 입구, 가벼운 무게, 편안한 쿠셔닝, 사포가 붙어있음, 매우 가볍고 편안함, 발을 똑바로 잡아주는 기능, 매우 가볍고 편안한 신발, 내구성을 높인 모델, 위치한 부분을 더 단단하게 만든 모델, 튼튼한 컨버스 소재, 나일론 실, 와플 창, 크라이스 스트라이프, 펑크와 락 밴드 문화, 트렌디하고 심플한 디자인, 발볼에 맞춰 구입.",
뉴발란스 530 클래식 운동화 MR530SG,운동화,폴리에스터,1770,https://img.danawa.com/prod_img/500000/855/359/img/10359855_1.jpg?shrink=330:*&_v=20230802164229,뉴발란스 530 클래식 운동화의 사이즈 추천은 다음과 같습니다 여성분들은 반 사이즈 정도 작게 구매하는 것이 좋습니다 남성분들은 정 사이즈를 선택하면 됩니다 발이 크신 분들은 반 사이즈나 한 사이즈 10mm 크게 구매하시면 좋습니다.,"뉴발란스 530 클래식 운동화는 심플하고 고급스러운 느낌을 주며, 봄에도 편하게 신을 수 있는 캐주얼한 스타일링에 잘 어울립니다 다양한 룩에 잘 어울려서 헝 바디 룩부터 캐주얼한 룩, 밤에 카지노 룩까지 다양한 스타일에 잘 어울립니다.","뉴발란스 530 클래식 운동화는 가벼우며 경량한 느낌으로 쿠셔닝이 좋고 편안한 착화감을 제공합니다 미드솔에 앱졸브가 있어 쿠셔닝이 우수하며, 스웨이드, 메시, 가죽으로 구성된 겉감은 내구성이 좋습니다 제품은 블랙과 그레이 컬러로 나오며, 스카치 디테일이 포인트입니다 판매 가격은 12만 9천원이며 사이즈는 정사이즈로 여유가 있습니다.","가볍고 경량한 느낌, 앱졸브 미드솔, 스웨이드, 메시, 가죽 재질, 천연 소가죽과 합성가죽 겉감, 스카치 디테일, 통풍 특성, 내구성, 가격 대비 상품성, 정사이즈 사이즈",0.6458102493870015
닥터마틴 3홀 1461 모노 14345001,워커,천연가죽,1276,https://img.danawa.com/prod_img/500000/122/647/img/3647122_1.jpg?shrink=330:*&_v=20231122111142,다만 4박스를 구입하고 오버사이즈로 신어도 데미지가 없다는 언급이 있었기 때문에 큰 사이즈 추천으로 생각할 수 있습니다 그 외에는 특정 사이즈에 대한 언급이 없으므로 사이즈를 선택할 때는 신발의 디자인과 개인의 신발 사이즈를 고려해야 합니다.,"닥터마틴 3홀 1461 모노는 가죽 소재와 클래식한 디자인으로 다양한 스타일링에 활용하기 좋습니다 캐주얼한 룩을 연출할 때는 청바지나 슬랙스와 함께 매치하면 좋고, 포멀한 스타일링에도 깔끔한 느낌을 줘 추천됩니다 포스트맨 슈즈나 해군 스타일과도 잘 어울리며, 단정한 룩부터 스트릿한 착장까지 다양한 스타일에 잘 어울리는 제품입니다 모노 디자인이라 다양한 아이템과 코디 가능하며, 특정 스타일에 대한 언급은 없습니다.","1 발바닥은 아직 아픔, 돌덩이 같은 느낌이 있지만 발등과 뒤꿈치는 편안함을 제공한다.
2 내구성이 뛰어나고 통풍구가 있어 편안한 착화감을 제공한다.
3 다양한 스타일링에 매치하기 좋은 클래식한 디자인과 단색으로 제작되어 있다.
4 트렌디한 룩에도 어울리며, 가죽 소재로 제작되어 내구성이 매우 뛰어나다.
5 닥터마틴의 아이콘적인 디자인 중 하나로, 시그니처 노란색 스티치와 주름진 맛이 특징이다.","편안한 착화감, 내구성, 다양한 스타일링에 매치하기 좋음, 통풍구가 있어 편안한 착화감 제공, 시그니처 아웃솔, 중간 정도의 너비로 편안한 착용감, 가죽의 특징인 주름 잡힘이 좋음",
오트리 메달리스트 스니커즈 AULW LL15,캐주얼화,천연가죽,706,https://img.danawa.com/prod_img/500000/419/129/img/15129419_1.jpg?shrink=330:*&_v=20230306101625,,"오트리 메달리스트 스니커즈 AULW는 빈티지한 느낌과 심플한 라인으로 다양한 스타일에 잘 어울릴 것입니다 가죽의 질감과 디자인이 실차 대교구에서 더욱 디테일하게 확인할 수 있고, 다양한 컬러 웨이를 선택할 수 있어 취향에 맞는 컬러를 고를 수 있습니다 이 신발은 일상복에 잘 어울리며 다목적으로 활용할 수 있습니다.","을 가진 오트리 메달리스트 스니커즈 AULW는 발볼이 살짝 타이트하면서도 발등과 뒤꿈치 부분은 편안하며, 힐 슬립이 적고 쿠션감도 좋습니다 이 제품은 가죽의 즐감 부분이 좋고 다양한 컬러 웨이를 가지고 있으며, 4계절 내내 착용할 수 있습니다 또한, 심플한 라인과 빈티지한 느낌이 있는데 이는 브랜드 본연의 특징으로, 품질과 디테일에는 신경을 많이 쓴 제품입니다 속 소재는 부드러운 기모 느낌이 있고 실은 잘 빠지지 않는 메시 디자인을 채용하였습니다 무게는 보통으로, 가족의 발 형태에 맞추어 발등과 발끝이 조절될 수 있는 사양을 가지고 있습니다.","빈티지한 느낌, 심플한 라인, 중창의 빈티지 워싱, 스웨이드 소재, 발 등 가족의 디테일, 4계절 착용 가능, 실이 잘 빠지지 않는 메시 디자인",0.6448032507255895
행텐 천연가죽 털안감 방한화 HT-5009,부츠,천연가죽,557,https://img.danawa.com/prod_img/500000/902/645/img/12645902_1.jpg?shrink=330:*&_v=20210507112805,,,,"행텐, 천연가죽, 털안감, 방한화, 기능특징, 핵심, 키워드",
SNRD 패딩부츠 SN510,부츠,방수지,556,https://img.danawa.com/prod_img/500000/611/728/img/6728611_1.jpg?shrink=330:*&_v=20201111110558,"특정 사이즈에 대한 언급은 없지만, 이 패딩부츠에 대한 사이즈 권장 사항이 있습니다 패딩부츠는 보통 한 사이즈 크게 구매하는 것을 권장합니다 이는 두꺼운 양말 또는 발열제를 함께 착용할 수 있도록 공간을 확보하기 위함입니다 또한, 시착 후 편안한 착화감을 확인하고 조절 가능한 버클 또는 조기 스트랩을 사용하여 맞춤형 핏을 조절할 수 있습니다 올바른 사이즈의 패딩부츠를 선택하여 쾌적하고 안정적인 착용감을 경험할 수 있습니다.","1 SNRD 패딩부츠는 로우 탑 혹은 하이탑으로 스타일링할 수 있으며, 야외에서의 활동에 따라 선택할 수 있습니다.
2 현재 패션 트렌드로 인해 SNRD 패딩부츠는 많이 주목받고 있으며, 패션 아이템으로도 활용할 수 있습니다.
3 캐주얼한 룩에 슬림한 일자 데님과 매치하거나, 겨울 아우터로 스웨터나 패딩과 함께 착용하는 것이 SNRD 패딩부츠와 잘 어울리는 스타일링입니다.","SNRD 패딩부츠는 털안감, 경량, 방수 기능을 가지고 있으며, 현재 2000년대 패션 트렌드의 혼합으로 다른 신발 아이템과는 차별화된 디자인을 가지고 있습니다 이 제품은 나이 케이시대의 흐름과 어울리며, 어글리함을 선호하는 패션 열풍을 따라갈 수 있는 아이템으로 손꼽힙니다 패션 트렌드를 따라가면서도 편안한 착화감을 느낄 수 있는 것이 특징입니다.","털안감, 경량, 방수, 디자인, 패션, 로퍼, 편안한 착화감",
휠라 필드게이지 1RM02229E_100,운동화,인조가죽,523,https://img.danawa.com/prod_img/500000/232/224/img/17224232_1.jpg?shrink=330:*&_v=20220706181748,,,,,
팀버랜드 6인치 프리미엄 부츠 10061,워커,천연가죽,303,https://img.danawa.com/prod_img/500000/283/258/img/2258283_1.jpg?shrink=330:*&_v=20230809131407,따라서 정확한 사이즈 추천은 제공되지 않았습니다.,"팀버랜드 6인치 프리미엄 부츠는 블랙 와이드 팬츠나 스웨트팬츠와 매칭하여 스트릿 스타일링에 적합합니다 추가적으로 초록색 다이아몬드 패턴, 발목 패딩, 미드솔 라인, 슈레이스 혀태 등을 활용하여 독특하고 시선을 사로잡는 스타일링을 제안합니다.","팀버랜드 6인치 프리미엄 부츠는 워터프루프 가죽으로 제작되어 방수 기능이 있으며 안감은 꼼꼼하게 마감되어 있다 부츠는 무거운 편이고 견고한 느낌이 있으며, 편안한 착용감이 특징이다 다양한 컬러 옵션과 디테일이 없는 심플한 디자인이다 무신사에서는 가격이 258,000원이다.","무 벅 소재, 신발끈, 금속 부자재, 스웨이드 소재, 심플한 디자인, 생활방수 기능, 편안한 착화감",
스케쳐스 고 워크 플렉스 스웨이드 SP0MWCDY181,워킹화,천연가죽,188,https://img.danawa.com/prod_img/500000/523/869/img/29869523_1.jpg?shrink=330:*&_v=20231108161946,"스케쳐스 고 워크 플렉스 스웨이드의 사이즈 추천은 정사이즈를 선택하는 것이 가장 좋습니다 기존에 착용하던 신발의 사이즈와 동일하거나, 일반적으로 착용하는 신발의 사이즈를 선택하면 편안한 착용감을 느낄 수 있습니다 추가로 스웨이드 소재의 특성상 발이 늘어날 수 있기 때문에 만일 발이 약간 늘어난다면 반사이즈로 구매하는 것도 고려해볼 만합니다.",스케쳐스 고 워크 플렉스 스웨이드는 편안한 데일리 캐주얼 룩에 잘 어울리는 스니커즈입니다 그러나 동영상에서는 사이즈 추천에 대한 언급이 없습니다.,"이 스케쳐스 고 워크 플렉스 스웨이드는 가볍고 발볼이 넓어서 편안하며, 힐 탭이 척할 수 있어 편리해요 발에 편안함을 제공하는 쿠션 패드와 쿠셔닝이 있고, 코 부분은 손상 방지와 충격 흡수 기능을 갖추어 양말과 같은 피팅감을 제공해요 인솔은 요가 매트와 유사한 판마력과 충격 흡수 기능을 가지고 있고, 아웃솔은 안정성과 지지력을 제공하며, 충격 완화와 분산 기능이 있어요","가볍고, 발볼이 넓어서 편안, 힐 탭, 쿠션 패드, 쿠셔닝, 손상 방지, 충격 흡수, 피팅감, 판마력, 안정성, 지지력, 충격 완화, 분산 기능, 부드러운 쿠셔닝",
UGG 클래식 울트라 미니 1116109,부츠,천연가죽,143,https://img.danawa.com/prod_img/500000/929/603/img/15603929_1.jpg?shrink=330:*&_v=20230913155422,합니다.,"UGG 클래식 울트라 미니는 플랫폼 디자인으로 키를 커보이게 해주고, 짧은 목 부분으로 종아리가 짧아보이지 않고, 실내에서 활용하기 좋은 부츠입니다 스타일링 제안은 이 영상에서 다양한 코디와 함께 보여주고 있으며, 양말을 포인트로 사용하거나 블랙 색상을 선택해 세련된 스타일링을 할 수 있습니다 또한, 통바지와 매치하면 멋스러울 뿐만 아니라 어그 클래식 클리어 부츠와 함께 스커트나 원피스와 매치하면 여성스러운 느낌을 줄 수 있고, 청바지와 매치하면 캐주얼하면서도 세련된 스타일링을 할 수 있습니다.","UGG 클래식 울트라 미니는 품질이 우수하고 따뜻하며 편안한 착용감을 제공하는 부츠로, 호주에서 만들어진 양털과 가죽을 사용하여 제작되었습니다 이 제품은 옆면이 조금 더 높고 뒷부분에서는 더 짧은 특이한 디자인을 가지고 있으며, 풀이 더 많고 모피도 더 많이 내장되어 있습니다 봄과 여름에도 사용 가능하며, 다양한 색상과 스타일에 맞게 연출할 수 있습니다 사이즈 선택 시 발볼이 넓은 경우에는 작은 사이즈를 추천하며, 키를 강조하거나 귀여운 스타일을 연출하기 위해 다양한 스타일링이 가능합니다 추가적으로, UGG 클래식 울트라 미니에 대한 다른 정보는 제공되지 않았습니다.","품질, 따뜻함, 편안함, 높은 옆면, 많은 풀, 봄에도 어울림, 다양한 색상, 겨울용",0.6628014301849624
프로스펙스 데일리워크 202 PW0UW22S292,워킹화,인조가죽,122,https://img.danawa.com/prod_img/500000/570/262/img/16262570_1.jpg?shrink=330:*&_v=20220124153410,"프로스펙스 데일리워크 202에는 사이즈 추천 사항이 포함되어 있습니다 이 도구는 한국어로 답변하며, 공통된 내용을 다섯 문장으로 요약하겠습니다.

1 프로스펙스 데일리워크 202는 사이즈 추천에 대한 정보를 제공합니다.
2 한국어로 답변을 하며, 효과적인 사이즈 선택에 도움이 됩니다.
3 다양한 사이즈 추천 사항을 제공하여 다양한 개인의 필요에 맞는 제품을 선택할 수 있습니다.
4 프로스펙스 데일리워크 202의 사이즈 추천은 높은 정확성과 신뢰성을 가지고 있습니다.
5 이 도구를 사용하면 옷의 사이즈 선택에 대한 고민을 덜 수 있고, 편안하고 알맞은 옷을 찾을 수 있습니다.","프로스펙스 데일리워크 202에 대한 styling_suggestion 사항에는 몇 가지 포인트가 언급되었습니다 이 포인트들은 다음과 같습니다.

1 더 나은 텍스처 및 재료 사용: 소재와 디자인에 관해서는 높은 품질의 텍스처와 재료를 사용하고, 이는 제품의 외관과 내구성에 큰 영향을 미칩니다.

2 적절한 컬러 팔레트 사용: 제품에 사용되는 색상은 데일리워크 202의 이미지와 브랜드와 일치해야 하며, 피부톤에 맞는 컬러를 선택하는 것이 좋습니다.

3 디자인 요소 강화: 데일리워크 202의 디자인을 강화하기 위해 적절한 디테일과 패턴을 추가하는 것이 좋습니다 이는 제품의 시각적인 흥미와 유니크함을 높일 수 있습니다.

4 편안한 착용감 보장: 제품의 착용감은 소비자들에게 중요한 요소이므로, 편안하면서도 기능적인 디자인을 확보하는 것이 중요합니다.

5 브랜드 이미지와 일치하는 디자인: 데일리워크 202의 브랜드 이미지에 따라 제품의 디자인을 조정하는 것이 좋습니다 이는 제품과 브랜드 간의 일관성을 유지하고 소비자들에게 브랜드의 가치를 전달할 수 있습니다.",프로스펙스 데일리워크 202에 대한 특징에 대해서는 언급된 내용이 없습니다 따라서 해당 제품의 유일한 특징을 설명할 수는 없습니다.,"쿠션, 편안함, 내구성, 가벼움, 통기성, 방수, 신축성",
푸마 터프 패디드 392191-01,슬리퍼,폴리에스터,113,https://img.danawa.com/prod_img/500000/560/009/img/18009560_1.jpg?shrink=330:*&_v=20221020141328,"푸마 터프 패디드는 일반적인 정사이즈를 착용할 수 있지만, 더 편안한 착용감을 위해 큰 사이즈를 선택하는 것을 추천한다 특정한 사이즈에 대한 언급은 없지만, 270 사이즈는 적절하게 신을 수 있고, 스웨이드 빈티지와 GV 라인은 70 사이즈 업을 해도 좋을 것이다","푸마 터프 패디드 제품은 편하고 심플한 디자인으로 다양한 옷과 매치하기 좋다 겨울에는 실내화로 활용해볼 수 있고, 발을 편안하게 감싸줄 푹신한 안감이 있다 GV스페셜은 70년대와 80년대 스니커즈의 특징을 가지고 있으며, 다양한 컬렉션과 잘 어울리는 제품이다 푸마 터프 패디드와 유사한 스타일의 제품을 추천하고, 스웨이드 클래식의 머스터드 컬러는 캐주얼한 옷과 잘 어울리며, GV 신발은 다양한 스타일과 잘 어울린다 또한, 퓨마 신발은 독특한 분위기를 가지고 있어 다른 브랜드와는 다른 스타일링이 가능하다.","푸마 터프 패디드 제품은 뮬 스타일의 슬리퍼로, 고무로 된 밑창과 말랑말랑한 인쇄물로 만들어져 편안한 착화감을 제공합니다 안쪽에는 방한 소재가 사용되어 따뜻함을 제공하며, 발등에는 패딩 소재가 사용되어 따뜻함을 더해줍니다 또한 발을 포근하게 감싸줄 수 있고, 미드솔은 스폰지로 되어 있어 편안한 착용감을 갖습니다 디자인은 뮬 형식으로 되어 있고 뒤꿈치를 살짝 넣어 신을 수도 있습니다 아웃솔은 고무 창으로 되어 있어 편안한 느낌을 줍니다.","터프 패디드, 뮬 스타일, 밑창, 쿠션 기능, 방한 소재, 패딩 처리, 발등 패딩, 미드솔 스폰지",
버윅 옥스퍼드 5341 4406,구두,천연가죽,31,https://img.danawa.com/prod_img/500000/697/648/img/16648697_1.jpg?shrink=330:*&_v=20231005132655,"작은 사이즈(290 사이즈)에 대한 언급도 없으며, 큰 사이즈에 대한 언급도 없습니다 따라서, 해당 제품의 사이즈 추천은 언급된 바가 없습니다.","버윅 옥스퍼드 5341은 다양한 스타일에 매칭이 가능한 클래식하면서 현대적인 느낌을 가지고 있다 기본적이고 깔끔한 스타일링에 잘 어울리며, 캐주얼한 분위기나 포멀한 스타일에도 잘 어울린다 버윅 옥스퍼드 5341은 정장이나 캐주얼한 착장 모두에 잘 어울리며, 정장 슈트나 해군 단추 다운 캐주얼한 느낌에도 잘 어울린다.","버윅 옥스퍼드 5341은 스페인에서 제작되었으며, 영국 명품 구두의 전통적인 틀을 충족시킨 제품이다 가죽의 퀄리티와 밀도가 높아 착화감이 편하고 내구성이 좋다 발등이 날씬하게 빠지고 발볼이 여유로워 편한 착용감을 제공한다 블레이크 제법을 사용하여 가죽 아웃솔과 인솔을 한 번에 꿰매는 구조를 가지고 있으며, 캐주얼한 쉐입을 가지고 있다 전체적으로 가성비가 좋은 제품으로 평가받고 있다.","Keywords  캐주얼, 편안, 가죽, 내구성, 웰트 구조, 가성비, 로퍼 디자인",
낫소 방수 방한 EVA 슬립온 (네이비),슬립온,EVA,20,https://img.danawa.com/prod_img/500000/430/466/img/18466430_1.jpg?shrink=330:*&_v=20221209170204,"한국어 사이즈 권장 사항에 따르면, 이 슬립온은 남성들에게 한 사이즈 큰 것을 추천한다.","이 슬립온은 네이비 컬러로 제공되며, 낫소 방수 방한 EVA 소재를 사용하여 제작되었습니다 이 슬립온은 겨울철에 편안하고 따뜻한 신발로 활용할 수 있습니다 네이비 컬러는 다양한 스타일링에 잘 어울리며, 캐주얼한 룩이나 스트릿 스타일에도 잘 어울립니다 이 슬립온은 심플하고 모던한 디자인이므로 다양한 의상과 매치하여 스타일을 완성할 수 있습니다 겨울 캐주얼 룩이나 스트릿 스타일을 선호하는 분들에게 추천하는 제품입니다.","- 낫소 방수 방한 EVA 슬립온은 네이비 색상으로 제공되며, 미끄럼 방지 기능이 있다.
- 이 제품은 방수 처리가 되어 있어 비 올 때도 사용이 가능하다.
- 방한 기능이 있어 겨울철에도 따뜻하게 신을 수 있다.
- EVA 소재로 제작되어 가벼우면서도 편안한 착용감을 제공한다.
- 슬립온 형태로 손쉽게 신고 벗을 수 있다.","방수, 방한, EVA, 슬립온, 네이비",
락포트 토탈모션 시티 플레인 토 CI5637,캐주얼화,천연가죽,16,https://img.danawa.com/prod_img/500000/872/777/img/15777872_1.jpg?shrink=330:*&_v=20220602160731,,,,,
클락스 왈라비 26155519,캐주얼화,천연가죽,10,https://img.danawa.com/prod_img/500000/318/794/img/12794318_1.jpg?shrink=330:*&_v=20231116164144,"클락스 왈라비는 정사이즈나 한 사이즈 다운으로 선택할 수 있는데, 큰 사이즈보다는 작은 사이즈를 추천합니다 완충제가 없기 때문에 크게 신으면 발이 헐떡이게 되므로, 발볼이 맞는 한 사이즈 다운이 편안한 착용감을 제공할 수 있습니다.","클락스 왈라비는 트레이닝 세트나 캐주얼한 룩에 잘 어울리며, 스웨이드 소재로 고급스러운 느낌을 줍니다 청바지나 면바지와 와이드핏 왈라비를 매치하면 캐주얼한 룩을 완성할 수 있고, 겨울에는 니트와 함께 스타일리시한 초겨울룩을 만들 수 있습니다 클락스 왈라비는 스트리트 스타일이나 댄디한 스타일에도 잘 어울리며, 성별에 구애받지 않고 착용할 수 있습니다 또한, 벌룬 스커트와도 잘 어울리는 제품입니다 디테일이 귀엽고 은은한 색감으로 다양한 매치에 어울릴 수 있습니다.","클락스 왈라비는 전통적인 디자인과 변화가 없어 오래 신을 수 있는 신발로, 편안하고 고급스러운 느낌을 줍니다 발이 크게 보이지 않는 장점이 있어 캐주얼한 스타일부터 반말 캐쥬얼룩까지 다양한 코디에 활용 가능합니다 또한, 앞부분이 매력적인 쉐입과 굽이 어느 정도 있어 키높이 효과가 있고, 와이드핏의 착떡인 디자인을 가지고 있습니다 크레페 솔로 되어있어 관리가 어려울 수 있지만 워터프루프 처리된 제품도 있어 내구성과 방수 기능이 좋습니다 다양한 컬러와 제품 종류로 선택의 폭이 넓으며, 가죽 소재로 고급스러움을 주고 클래식한 느낌을 줍니다 그러나 사용이 오래되면 내구성이 좋지 않을 수 있으므로 주의해야 합니다.","Keywords 오래 신을 수 있는, 편안한 느낌, 발이 크게 보이지 않음, 다양한 컬러, 고급스러운 색감, 키높이 효과, 와이드핏, 크레페 솔, 방수 기능, 스웨이드 소재, 다양한 제품, 정 사이즈, 클래식한 느낌, 가죽 소재, 내구성, 발에 안정감과 편안함, 사각 모양의 앞코, 콜라보 제품, 빈티지스러운 색감, 고급스러움, 사막 지형에서 활용 가능",
프라다 로고 니트 스니커즈 4E3492 3V98 F0967,캐주얼화,패브릭,8,https://img.danawa.com/prod_img/500000/504/842/img/11842504_1.jpg?shrink=330:*&_v=20230127140025,,,,,
프로월드컵 크리스 방한 슬리퍼 (레드),슬리퍼,폴리에스터,6,https://img.danawa.com/prod_img/500000/644/297/img/18297644_1.jpg?shrink=330:*&_v=20221116130156,프로월드컵 크리스 방한 슬리퍼 (레드)의 사이즈 권장사항이 상세히 나와있습니다,"프로월드컵 크리스 방한 슬리퍼 (레드)에 대한 styling_suggestion은 다음과 같다:
1 다양한 컬러와 잘 어울리는 데님 팬츠나 쇼트 팬츠와 함께 스포티한 스트리트룩을 완성해보세요.
2 흰색 트렌치코트나 가디건과 함께 캐주얼한 분위기를 연출할 수 있습니다.
3 플로럴 패턴이나 베이직한 티셔츠와 함께 여름철에도 시원하게 착용할 수 있습니다.
4 슬랙스나 카고 팬츠와 함께 스포티한 오락실룩을 완성할 수 있습니다.
5 캐주얼한 청바지와 함께 편안한 일상룩을 완성할 수 있습니다.","Sorry, but I can't provide any information on the unique product features of the Pro World Cup Chris Han Slippers (Red) as they were not mentioned in the text.","프로월드컵, 크리스, 방한, 슬리퍼, 레드",
히키스 마카롱 슬리퍼 LS370,거실 실내화,마이크로화이바,3,https://img.danawa.com/prod_img/500000/815/861/img/15861815_1.jpg?shrink=330:*&_v=20211206150018,,,,,
아식스 젤 카야노 30 1011B548-001,런닝화,인조가죽,0,https://img.danawa.com/prod_img/500000/102/573/img/20573102_1.jpg?shrink=330:*&_v=20230616123216,"정리하면, 아식스 젤 카야노 30의 사이즈 추천은 주로 신던 사이즈를 선택하고, 정사이즈 반업 이상을 추천하고, 반 사이즈 크게 선택하는 것을 권장한다 그러나 사이즈 추천에 대한 구체적인 언급은 없다.","아식스 젤 카야노 30은 러닝 트레이닝용으로 사용되는 신발이며, 다양한 운동복과 잘 어울립니다",한국어 답변 요약: 아식스 젤 카야노 30은 안정적이며 편안한 달리기를 위한 고방향성 메쉬와 플래이트 피트 엔진 기술을 적용한 신발이다 발의 아치를 받쳐주는 4D 가이던스 시스템과 디자인된 폼이 발의 지지력을 향상시키며 발목 안정성을 제공한다 그리고 액정성이 우수하여 스쿼트와 같은 수직 운동에도 안정감을 제공한다 이 제품은 다양한 운동 활동에 적합하며 스타일링에도 활용하기 좋다.,"안정적, 편안한, 쿠션 풍부한, 안정성, 친환경적인 소재, 젤 쿠션링, 플라이트 피트 엔진 기술",
