product_name,category,material,review_num,image_url,rating,size_recommendations,styling_suggestion,unique_product_features,keywords,recommend_indicators
반스 코어클래식 올드스쿨 VN000D3H,캐주얼화,패브릭,12460,https://img.danawa.com/prod_img/500000/818/328/img/2328818_1.jpg?shrink=330:*&_v=20230811174431,3.8
컨버스 척 70 클래식 162058C,캐주얼화,패브릭,8876,https://img.danawa.com/prod_img/500000/545/287/img/3287545_1.jpg?shrink=330:*&_v=20230404154211,3.5
크록스 바야밴드 클로그 205089-126,샌들,크로슬라이트,8832,https://img.danawa.com/prod_img/500000/356/072/img/6072356_1.jpg?shrink=330:*&_v=20230621113432,3.8
컨버스 척테일러 올스타 코어 M9166C,캐주얼화,패브릭,7965,https://img.danawa.com/prod_img/500000/104/574/img/3574104_1.jpg?shrink=330:*&_v=20230811151418,3.5
크록스 크록밴드 11016-410,샌들,크로슬라이트,5730,https://img.danawa.com/prod_img/500000/782/684/img/1684782_1.jpg?shrink=330:*&_v=20230602175256,4.0
나이키 에어맥스 AP CU4870-102,운동화,폴리에스터,3236,https://img.danawa.com/prod_img/500000/704/376/img/17376704_1.jpg?shrink=330:*&_v=20220701145622,3.8
크록스 라이트라이드 클로그 204592-05M,샌들,크로슬라이트,3082,https://img.danawa.com/prod_img/500000/196/152/img/7152196_1.jpg?shrink=330:*&_v=20230621153434,4.0
아큘레틱 커브 아쿠아슈즈,아쿠아슈즈,폴리에스터,2963,https://img.danawa.com/prod_img/500000/572/573/img/12573572_1.jpg?shrink=330:*&_v=20230621140414,4.5
가이거 바움 앵클부츠,부츠,천연가죽,2827,https://img.danawa.com/prod_img/500000/483/359/img/18359483_1.jpg?shrink=330:*&_v=20221129123332,4.2
컨버스 척테일러 올스타 코어 하이 M9160C,캐주얼화,패브릭,2781,https://img.danawa.com/prod_img/large/group_850/425435_1.jpg?shrink=330:*&_v=20230414174928,4.5
크록스 바야 클로그 10126-001,샌들,크로슬라이트,2713,https://img.danawa.com/prod_img/500000/819/082/img/2082819_1.jpg?shrink=330:*&_v=20230405130019,4.2
행텐 천연가죽 단화 로퍼 HT-5036,캐주얼화,천연가죽,2489,https://img.danawa.com/prod_img/500000/133/954/img/13954133_1.jpg?shrink=330:*&_v=20210820135339,4.8
나이키 레볼루션 6 넥스트 네이처 DC3728-003,런닝화,폴리에스터,2464,https://img.danawa.com/prod_img/500000/150/353/img/15353150_1.jpg?shrink=330:*&_v=20220623135126,4.8
아디다스 오즈위고 EE6999,운동화,"천연가죽,PU(폴리우레탄)",2202,https://img.danawa.com/prod_img/500000/485/211/img/9211485_1.jpg?shrink=330:*&_v=20220715131021,4.2
페이퍼플레인 군용 슬리퍼,슬리퍼,EVA,1919,https://img.danawa.com/prod_img/500000/958/608/img/8608958_1.jpg?shrink=330:*&_v=20230830095123,3.8
반스 컴피쿠시 올드스쿨 VN0A3WMAVNE1,캐주얼화,패브릭,1870,https://img.danawa.com/prod_img/500000/289/356/img/7356289_1.jpg?shrink=330:*&_v=20220105133755,4.8
나이키 에어 테일윈드 79 487754-100,운동화,"천연가죽,폴리에스터",1852,https://img.danawa.com/prod_img/500000/762/165/img/7165762_1.jpg?shrink=330:*&_v=20230131134230,4.2
크록스 바야 라인드 클로그 205969-060,샌들,크로슬라이트,1818,https://img.danawa.com/prod_img/500000/262/782/img/9782262_1.jpg?shrink=330:*&_v=20230925165743,4.5
뉴발란스 530 클래식 운동화 MR530SG,운동화,폴리에스터,1770,https://img.danawa.com/prod_img/500000/855/359/img/10359855_1.jpg?shrink=330:*&_v=20230802164229,4.2
아디다스 알파바운스 슬라이드 2.0 GY9415,슬리퍼,폴리에스터,1694,https://img.danawa.com/prod_img/500000/417/643/img/16643417_1.jpg?shrink=330:*&_v=20220708092924,3.5
크록스 클래식 라인드 클로그 203591-060,샌들,크로슬라이트,1678,https://img.danawa.com/prod_img/500000/038/578/img/4578038_1.jpg?shrink=330:*&_v=20230918105037,4.2
골든구스 슈퍼스타 스니커즈 GWF00102 F000317 10273,캐주얼화,천연가죽,1582,https://img.danawa.com/prod_img/500000/462/059/img/12059462_1.jpg?shrink=330:*&_v=20230223124951,4.8
아디다스 슈퍼스타 J FU7712,스니커즈,"천연가죽,고무",1423,https://img.danawa.com/prod_img/500000/908/588/img/10588908_1.jpg?shrink=330:*&_v=20220704144525,4.2
나이키 에어맥스 인터락 라이트 DV5695-100,운동화,"인조가죽,폴리에스터",1420,https://img.danawa.com/prod_img/500000/774/552/img/17552774_1.jpg?shrink=330:*&_v=20220728095707,4.2
락포트 모던 프렙 페니 V80547,구두,천연가죽,1415,https://img.danawa.com/prod_img/500000/254/008/img/4008254_1.jpg?shrink=330:*&_v=20230404154432,3.5
나이키 에어맥스 97 OG 921826-101,운동화,"천연가죽,폴리에스터",1402,https://img.danawa.com/prod_img/500000/066/647/img/5647066_1.jpg?shrink=330:*&_v=20230131174215,4.5
닥터마틴 3홀 1461 모노 14345001,워커,천연가죽,1276,https://img.danawa.com/prod_img/500000/122/647/img/3647122_1.jpg?shrink=330:*&_v=20231122111142,3.8
크록스 클래식 클로그 10001-001,샌들,크로슬라이트,1206,https://img.danawa.com/prod_img/500000/354/284/img/3284354_1.jpg?shrink=330:*&_v=20230405130019,4.5
뉴발란스 574 운동화 ML574EGG,운동화,"천연가죽,인조가죽",1172,https://img.danawa.com/prod_img/500000/525/900/img/7900525_1.jpg?shrink=330:*&_v=20230509161321,3.8
나이키 에어포스 1 07 315122-111,운동화,천연가죽,1082,https://img.danawa.com/prod_img/500000/677/435/img/10435677_1.jpg?shrink=330:*&_v=20220810090926,4.0
락포트 드레스포츠2 알랜더 K70975,구두,천연가죽,1053,https://img.danawa.com/prod_img/500000/621/722/img/3722621_1.jpg?shrink=330:*&_v=20230906092817,4.5
인텐스바이엘칸토 클래식 스니커즈 LCMS56I126,캐주얼화,인조가죽,1053,https://img.danawa.com/prod_img/500000/009/478/img/13478009_1.jpg?shrink=330:*&_v=20210226173754,3.8
베라왕 슈퍼라이트 스판 부츠,부츠,천연가죽,1042,https://img.danawa.com/prod_img/500000/513/889/img/28889513_1.jpg?shrink=330:*&_v=20231020145222,4.5
쏘르망 남성용 방한화,부츠,천연가죽,1017,https://img.danawa.com/prod_img/500000/906/701/img/5701906_1.jpg?shrink=330:*&_v=20210111102022,5.0
락포트 클래식 페니로퍼 M76443,구두,천연가죽,956,https://img.danawa.com/prod_img/500000/498/365/img/3365498_1.jpg?shrink=330:*&_v=20230404154432,4.0
휠라 레인저 1RM01141D_147,운동화,인조가죽,926,https://img.danawa.com/prod_img/500000/006/914/img/12914006_1.jpg?shrink=330:*&_v=20230131134231,3.5
푸마 엑시스 KR 370997-01,운동화,인조가죽,795,https://img.danawa.com/prod_img/500000/955/332/img/7332955_1.jpg?shrink=330:*&_v=20190812151549,4.2
나이키 감마 포스 DX9176-100,운동화,"천연가죽,인조가죽,폴리에스터",777,https://img.danawa.com/prod_img/500000/552/871/img/19871552_1.jpg?shrink=330:*&_v=20230420154918,4.2
나이키 에어 줌 스트럭처 24 DA8535-001,런닝화,폴리에스터,771,https://img.danawa.com/prod_img/500000/673/365/img/17365673_1.jpg?shrink=330:*&_v=20220630132038,4.2
크록스 클래식 올 터레인 클로그 206340-001,샌들,크로슬라이트,748,https://img.danawa.com/prod_img/500000/314/828/img/10828314_1.jpg?shrink=330:*&_v=20230614110100,3.8
슈퍼카미트 경량 EVA 방수 방한부츠 WT2010,부츠,EVA,724,https://img.danawa.com/prod_img/500000/588/031/img/13031588_1.jpg?shrink=330:*&_v=20211223092242,4.2
오트리 메달리스트 스니커즈 AULW LL15,캐주얼화,천연가죽,709,https://img.danawa.com/prod_img/500000/419/129/img/15129419_1.jpg?shrink=330:*&_v=20230306101625,3.8
행텐 패딩 방한 부츠 NI-259,부츠,기타,704,https://img.danawa.com/prod_img/500000/376/904/img/12904376_1.jpg?shrink=330:*&_v=20221215174949,4.0
아디다스 듀라모 10 와이드 GY3855,런닝화,폴리에스터,658,https://img.danawa.com/prod_img/500000/454/477/img/16477454_1.jpg?shrink=330:*&_v=20220823092032,4.8
밀레(MILLET) 남성 패딩 방한화,부츠,인조가죽,572,https://img.danawa.com/prod_img/500000/472/580/img/18580472_1.jpg?shrink=330:*&_v=20221223104153,4.0
행텐 천연가죽 털안감 방한화 HT-5009,부츠,천연가죽,557,https://img.danawa.com/prod_img/500000/902/645/img/12645902_1.jpg?shrink=330:*&_v=20210507112805,4.2
SNRD 패딩부츠 SN510,부츠,방수지,556,https://img.danawa.com/prod_img/500000/611/728/img/6728611_1.jpg?shrink=330:*&_v=20201111110558,5.0
닥터마틴 2976 첼시 스무스 11853001,부츠,천연가죽,554,https://img.danawa.com/prod_img/500000/547/930/img/2930547_1.jpg?shrink=330:*&_v=20230111141659,4.5
크록스 바야 라인드 퍼즈 스트랩 클로그 206633-4HE,샌들,크로슬라이트,549,https://img.danawa.com/prod_img/500000/170/549/img/12549170_1.jpg?shrink=330:*&_v=20230405130021,4.5
휠라 필드게이지 1RM02229E_100,운동화,인조가죽,523,https://img.danawa.com/prod_img/500000/232/224/img/17224232_1.jpg?shrink=330:*&_v=20220706181748,5.0
닥터마틴 3홀 1461 스무스 11838002,워커,천연가죽,489,https://img.danawa.com/prod_img/500000/899/818/img/1818899_1.jpg?shrink=330:*&_v=20230825141147,4.2
프로스펙스 오리지널 프리드로우 102 PS0US21F022,스니커즈,폴리에스터,481,https://img.danawa.com/prod_img/500000/747/257/img/15257747_1.jpg?shrink=330:*&_v=20210915135533,4.5
나이키 에어맥스 97 921733-001,운동화,인조가죽,460,https://img.danawa.com/prod_img/500000/268/350/img/6350268_1.jpg?shrink=330:*&_v=20220630152523,4.2
행텐 패딩 슬립온 HT-277,캐주얼화,합성섬유+인조가죽,460,https://img.danawa.com/prod_img/500000/824/513/img/18513824_1.jpg?shrink=330:*&_v=20221215150005,4.5
나이키 에어맥스 2017 849559-004,운동화,폴리에스터,386,https://img.danawa.com/prod_img/500000/488/986/img/4986488_1.jpg?shrink=330:*&_v=20220712143133,4.2
마쯔 데일리 컴포트화 LCMF95M111,캐주얼화,인조가죽,370,https://img.danawa.com/prod_img/500000/642/328/img/13328642_1.jpg?shrink=330:*&_v=20210824123937,4.8
뉴발란스 480 런닝화 4E W480KR5,런닝화,폴리에스터,367,https://img.danawa.com/prod_img/500000/737/332/img/13332737_1.jpg?shrink=330:*&_v=20221227151459,4.5
행텐 에스키모 방한화,부츠,PU,352,https://img.danawa.com/prod_img/500000/018/917/img/12917018_1.jpg?shrink=330:*&_v=20221215174230,4.5
나이키 에어맥스 90 LTR CZ5594-001,운동화,"천연가죽,인조가죽",330,https://img.danawa.com/prod_img/500000/022/554/img/17554022_1.jpg?shrink=330:*&_v=20230203125108,3.5
리복 릿지라이더 5.0 GW5319,워킹화,폴리에스터,324,https://img.danawa.com/prod_img/500000/094/650/img/14650094_1.jpg?shrink=330:*&_v=20230424164729,4.8
SNRD 패딩슬리퍼 SN255,슬리퍼,PU,319,https://img.danawa.com/prod_img/500000/438/873/img/9873438_1.jpg?shrink=330:*&_v=20210126131944,3.8
뉴발란스 327 운동화 WS327KC,운동화,"천연가죽,폴리에스터",313,https://img.danawa.com/prod_img/500000/583/381/img/13381583_1.jpg?shrink=330:*&_v=20220916174206,4.2
스케쳐스 온 더 고 조이 부츠 SP0WSCDW092,부츠,천연가죽,305,https://img.danawa.com/prod_img/500000/390/960/img/29960390_1.jpg?shrink=330:*&_v=20231114153618,4.5
팀버랜드 6인치 프리미엄 부츠 10061,워커,천연가죽,303,https://img.danawa.com/prod_img/500000/283/258/img/2258283_1.jpg?shrink=330:*&_v=20230809131407,3.5
아놀드파마 보아시스템 다이얼버튼 따뜻한 털안감 에어운동화,캐주얼화,인조가죽,299,https://img.danawa.com/prod_img/500000/881/639/img/18639881_1.jpg?shrink=330:*&_v=20230102171245,3.5
스케쳐스 고 워크 맥스 SP0MWCDX201,워킹화,폴리에스터,294,https://img.danawa.com/prod_img/500000/304/541/img/18541304_1.jpg?shrink=330:*&_v=20230526140736,4.8
하바이아나스 탑,슬리퍼,고무,285,https://img.danawa.com/prod_img/500000/010/206/img/5206010_1.jpg?shrink=330:*&_v=20230615154831,4.8
스티코 안티슬립 간편화 NEC-03,슬리퍼,EVA,274,https://img.danawa.com/prod_img/500000/431/666/img/2666431_1.jpg?shrink=330:*&_v=20230518140708,4.5
프로스펙스 이지핏 BX 3 PW0UW21F243,워킹화,폴리에스터,274,https://img.danawa.com/prod_img/500000/126/879/img/14879126_1.jpg?shrink=330:*&_v=20210826172451,4.8
노스페이스 뮬 슬립 온 브이모션 NS93N55A,슬립온,인조가죽,272,https://img.danawa.com/prod_img/500000/410/877/img/17877410_1.jpg?shrink=330:*&_v=20230104163619,4.8
쌈지 패딩 퍼 슬립온 XX21,캐주얼화,패브릭,265,https://img.danawa.com/prod_img/500000/822/028/img/13028822_1.jpg?shrink=330:*&_v=20230131155956,4.8
아디다스 아딜렛 컴포트 GY1945,슬리퍼,폴리에스터,264,https://img.danawa.com/prod_img/500000/569/226/img/17226569_1.jpg?shrink=330:*&_v=20220630103450,4.2
락포트 토탈모션 라이트 레이스투토 CH9626,캐주얼화,천연가죽,258,https://img.danawa.com/prod_img/500000/267/401/img/12401267_1.jpg?shrink=330:*&_v=20220602104513,4.8
나이키 버로우 DC1456-002,슬리퍼,인조가죽,242,https://img.danawa.com/prod_img/500000/102/975/img/17975102_1.jpg?shrink=330:*&_v=20230608130732,4.8
나이키 코트 레거시 넥스트 네이처 DH3162-100,스니커즈,인조가죽,237,https://img.danawa.com/prod_img/500000/972/945/img/17945972_1.jpg?shrink=330:*&_v=20221006135719,4.8
닥터마틴 단테 16736001,캐주얼화,천연가죽,233,https://img.danawa.com/prod_img/500000/309/644/img/3644309_1.jpg?shrink=330:*&_v=20220704175302,4.2
락포트 토탈모션 시드니 펌프스 CH9502,구두,천연가죽,208,https://img.danawa.com/prod_img/500000/881/486/img/10486881_1.jpg?shrink=330:*&_v=20230315155012,5.0
스케쳐스 고 워크 플렉스 스웨이드 SP0MWCDY181,워킹화,천연가죽,203,https://img.danawa.com/prod_img/500000/523/869/img/29869523_1.jpg?shrink=330:*&_v=20231108161946,4.0
탠디 옥스퍼드 H0030V C-105,구두,천연가죽,190,https://img.danawa.com/prod_img/500000/073/041/img/2041073_1.jpg?shrink=330:*&_v=20230203104643,4.5
로크 구두 771B,구두,천연가죽,182,https://img.danawa.com/prod_img/500000/051/873/img/4873051_1.jpg?shrink=330:*&_v=20230406173023,4.0
반스 코어클래식 어센틱 VN000EE3,캐주얼화,패브릭,170,https://img.danawa.com/prod_img/500000/592/731/img/1731592_1.jpg?shrink=330:*&_v=20230824175019,4.5
밸롭 봄버 에어 어글리슈즈,캐주얼화,PU,163,https://img.danawa.com/prod_img/500000/230/040/img/14040230_1.jpg?shrink=330:*&_v=20230524092141,4.5
라코스테 카나비 에보 BL21 1 SMA 7-41SMA0002-042,캐주얼화,천연가죽+폴리우레탄,144,https://img.danawa.com/prod_img/500000/483/811/img/16811483_1.jpg?shrink=330:*&_v=20220413085422,5.0
아디다스 삼바 OG B75806,스니커즈,인조가죽,144,https://img.danawa.com/prod_img/500000/625/209/img/6209625_1.jpg?shrink=330:*&_v=20220922174453,3.8
UGG 클래식 울트라 미니 1116109,부츠,천연가죽,143,https://img.danawa.com/prod_img/500000/929/603/img/15603929_1.jpg?shrink=330:*&_v=20230913155422,5.0
UGG 클래식 미니 Ⅱ 1016222,부츠,천연가죽,142,https://img.danawa.com/prod_img/500000/384/595/img/4595384_1.jpg?shrink=330:*&_v=20230913153814,4.8
리갈 201D 티롤리안 슈즈 MMX5029FG31,캐주얼화,천연가죽,138,https://img.danawa.com/prod_img/500000/177/447/img/5447177_1.jpg?shrink=330:*&_v=20211214133536,3.8
프로스펙스 파워소닉 513 PW0UW21F533,워킹화,폴리에스터,127,https://img.danawa.com/prod_img/500000/015/035/img/15035015_1.jpg?shrink=330:*&_v=20210819125909,4.8
프로스펙스 파워소닉 511 PW0UW21F531,워킹화,폴리에스터,126,https://img.danawa.com/prod_img/500000/949/034/img/15034949_1.jpg?shrink=330:*&_v=20211103112355,5.0
스케쳐스 고 워크 아웃도어 SP0MW22Y111,워킹화,"천연가죽,폴리에스터",126,https://img.danawa.com/prod_img/500000/260/018/img/18018260_1.jpg?shrink=330:*&_v=20221018100815,3.8
프로스펙스 데일리워크 202 PW0UW22S292,워킹화,인조가죽,122,https://img.danawa.com/prod_img/500000/570/262/img/16262570_1.jpg?shrink=330:*&_v=20220124153410,3.5
락포트 드레스포츠3 알란다 CJ2594,구두,천연가죽,122,https://img.danawa.com/prod_img/500000/953/080/img/19080953_1.jpg?shrink=330:*&_v=20230912093618,3.5
아디다스 알파컴피 GX1790,런닝화,폴리에스터,121,https://img.danawa.com/prod_img/500000/703/353/img/17353703_1.jpg?shrink=330:*&_v=20220701183217,4.0
디스커버리 익스페디션 브릭 DXSH3111N-BES,운동화,인조가죽,116,https://img.danawa.com/prod_img/500000/153/058/img/16058153_1.jpg?shrink=330:*&_v=20220921151407,4.2
락포트 찰스 로드 플레인 토 V80553,구두,천연가죽,116,https://img.danawa.com/prod_img/500000/986/341/img/13341986_1.jpg?shrink=330:*&_v=20210827124917,5.0
푸마 터프 패디드 392191-01,슬리퍼,폴리에스터,113,https://img.danawa.com/prod_img/500000/560/009/img/18009560_1.jpg?shrink=330:*&_v=20221020141328,4.5
크록스 클래식 플랫폼 라인드 클로그 207938-2Y2,샌들,EVA,112,https://img.danawa.com/prod_img/500000/545/470/img/28470545_1.jpg?shrink=330:*&_v=20230925172159,4.2
락포트 컬드웰 레이스투토 CI9243,캐주얼화,천연가죽,107,https://img.danawa.com/prod_img/500000/560/121/img/17121560_1.jpg?shrink=330:*&_v=20220602104512,3.5
오니츠카타이거 멕시코 66 빈티지 1183B391,캐주얼화,천연가죽,102,https://img.danawa.com/prod_img/500000/921/194/img/12194921_1.jpg?shrink=330:*&_v=20230824175240,4.2
락포트 시티 라이트 콜 타이 CH3342,캐주얼화,천연가죽,102,https://img.danawa.com/prod_img/500000/132/724/img/6724132_1.jpg?shrink=330:*&_v=20220602163121,4.2
아디다스 클라이마웜 GZ1643,런닝화,인조가죽,95,https://img.danawa.com/prod_img/500000/207/386/img/18386207_1.jpg?shrink=330:*&_v=20221129130141,4.8
오트리 메달리스트 고트 스니커즈 AULM-GG,캐주얼화,천연가죽,92,https://img.danawa.com/prod_img/500000/219/043/img/16043219_1.jpg?shrink=330:*&_v=20230828164407,3.5
UGG 디스케트 1122550-CHE,슬리퍼,천연가죽,90,https://img.danawa.com/prod_img/500000/669/584/img/15584669_1.jpg?shrink=330:*&_v=20230412163151,4.5
에버라스트 하이탑 방한워커,워커,PU,89,https://img.danawa.com/prod_img/500000/189/350/img/18350189_1.jpg?shrink=330:*&_v=20221122180106,4.5
리복 로얄 대쉬오닉 DV5120,운동화,인조가죽,88,https://img.danawa.com/prod_img/500000/399/856/img/6856399_1.jpg?shrink=330:*&_v=20230424164025,4.5
락포트 트루플렉스 케이든 플레인 토 CI7682,캐주얼화,인조가죽+천연가죽+텍스타일,87,https://img.danawa.com/prod_img/500000/885/928/img/16928885_1.jpg?shrink=330:*&_v=20220427151835,4.2
휠라 플루이드 1JM01248D_100,운동화,인조가죽,87,https://img.danawa.com/prod_img/500000/312/111/img/14111312_1.jpg?shrink=330:*&_v=20210506170849,4.8
소다 드레스 정장구두 APM938FA10,구두,천연가죽,84,https://img.danawa.com/prod_img/500000/540/979/img/13979540_1.jpg?shrink=330:*&_v=20210422152202,4.8
크록스 바야 플랫폼 라인드 클로그 208708-11S,샌들,EVA,83,https://img.danawa.com/prod_img/500000/978/325/img/28325978_1.jpg?shrink=330:*&_v=20230918110230,3.5
스프리스 덕다운 패딩 슬립온 HMSS2W01PP,캐주얼화,폴리에스터+천연가죽+인조가죽,83,https://img.danawa.com/prod_img/500000/745/406/img/18406745_1.jpg?shrink=330:*&_v=20221201133446,4.2
아디다스 아디퍼프 IF4229,슬립온,인조가죽,80,https://img.danawa.com/prod_img/500000/897/445/img/28445897_1.jpg?shrink=330:*&_v=20230922135237,5.0
크록스 올터레인 라인드 클로그 207936-1LM,샌들,EVA+폴리에스터,77,https://img.danawa.com/prod_img/500000/461/326/img/28326461_1.jpg?shrink=330:*&_v=20230925172541,4.0
스케쳐스 고 워크 아치핏 아웃도어 SP0MW22Y141,슬립온,폴리에스터,75,https://img.danawa.com/prod_img/500000/356/171/img/13171356_1.jpg?shrink=330:*&_v=20221004163418,3.5
락포트 컬드웰 플레인 토 CI6426,캐주얼화,천연가죽,72,https://img.danawa.com/prod_img/500000/978/863/img/15863978_1.jpg?shrink=330:*&_v=20220602160731,3.5
나이키 코트 버로우 로우 리크래프트 DV5456-104,운동화,"인조가죽,폴리에스터",69,https://img.danawa.com/prod_img/500000/482/736/img/20736482_1.jpg?shrink=330:*&_v=20230630090726,4.2
아디다스 이큅먼트 10 EM GZ0315,런닝화,나일론,69,https://img.danawa.com/prod_img/500000/064/882/img/13882064_1.jpg?shrink=330:*&_v=20221122140000,4.5
탠디 정장구두 H15019V K-003,구두,천연가죽,69,https://img.danawa.com/prod_img/500000/078/297/img/7297078_1.jpg?shrink=330:*&_v=20230303173211,4.8
골든구스 슈퍼스타 스니커즈 GMF00101 F000316 10272,캐주얼화,천연가죽,67,https://img.danawa.com/prod_img/500000/434/087/img/12087434_1.jpg?shrink=330:*&_v=20230210104534,5.0
UGG 클래식 클리어 미니 1113190-NBLC,부츠,TPU,62,https://img.danawa.com/prod_img/500000/589/541/img/15541589_1.jpg?shrink=330:*&_v=20221221130813,3.5
크록스 바야 라인드 퍼즈 스트랩 마블 클로그 209241-94S,샌들,EVA,60,https://img.danawa.com/prod_img/500000/782/470/img/28470782_1.jpg?shrink=330:*&_v=20230925172723,4.2
디스커버리 익스페디션 레스터 QT 부츠 DXSH6122N-WHS,부츠,폴리에스터,60,https://img.danawa.com/prod_img/500000/531/053/img/18053531_1.jpg?shrink=330:*&_v=20221020124712,4.5
내셔널지오그래픽 플러핀 N224UWT053 (블랙),슬립온,인조가죽,57,https://img.danawa.com/prod_img/500000/056/000/img/18000056_1.jpg?shrink=330:*&_v=20221014125037,3.5
뉴발란스 480 런닝화 4E W480BM5 NBPFCF767B,런닝화,폴리에스터,57,https://img.danawa.com/prod_img/500000/510/395/img/12395510_1.jpg?shrink=330:*&_v=20230127152307,4.8
리복 데이토나 DMX 2 DV7256,런닝화,폴리에스터,55,https://img.danawa.com/prod_img/500000/782/231/img/10231782_1.jpg?shrink=330:*&_v=20230424164150,5.0
리차드 소가죽 정장화 RICOXC7034MF1,구두,천연가죽,54,https://img.danawa.com/prod_img/500000/175/292/img/15292175_1.jpg?shrink=330:*&_v=20220111133906,4.5
나이키 메트콘 9 DZ2617-001,트레이닝화,폴리에스터,53,https://img.danawa.com/prod_img/500000/123/022/img/25022123_1.jpg?shrink=330:*&_v=20230801091904,4.2
락포트 찰스로드 캡토 정장화 V80556,구두,천연가죽,52,https://img.danawa.com/prod_img/500000/645/650/img/12650645_1.jpg?shrink=330:*&_v=20220331092838,4.0
락포트 매트로 패스 슬립온 CI6362,캐주얼화,천연가죽,48,https://img.danawa.com/prod_img/500000/641/777/img/15777641_1.jpg?shrink=330:*&_v=20211125095140,3.8
푸마 밀레니오 SD 393940-01,런닝화,"천연가죽,폴리에스터",47,https://img.danawa.com/prod_img/500000/646/763/img/18763646_1.jpg?shrink=330:*&_v=20230116082440,4.0
크록스 스톰프 라인드 클로그 208546-160,샌들,EVA+폴리에스터,46,https://img.danawa.com/prod_img/500000/176/326/img/28326176_1.jpg?shrink=330:*&_v=20231122101107,4.0
페라가모 바라 펌프스 0574571,구두,천연가죽,46,https://img.danawa.com/prod_img/500000/704/940/img/3940704_1.jpg?shrink=330:*&_v=20230210141307,4.5
프로스펙스 엑스모션 BX 211 PW0MW21F541,워킹화,폴리에스터,45,https://img.danawa.com/prod_img/500000/914/141/img/15141914_1.jpg?shrink=330:*&_v=20210901124318,5.0
UGG 울트라 미니 플랫폼 16633-02522,부츠,천연가죽,44,https://img.danawa.com/prod_img/500000/213/797/img/18797213_1.jpg?shrink=330:*&_v=20231010173539,5.0
꼼데가르송 플레이 X 컨버스 척 70 P1K1112,캐주얼화,패브릭,41,https://img.danawa.com/prod_img/500000/756/940/img/6940756_1.jpg?shrink=330:*&_v=20230922105803,3.8
스케쳐스 고 런 패스트 SP0MRCDX121,런닝화,인조가죽,39,https://img.danawa.com/prod_img/500000/538/904/img/18904538_1.jpg?shrink=330:*&_v=20230201174814,5.0
뉴발란스 프레쉬폼x 880x12 4E M880B12,런닝화,폴리에스터,38,https://img.danawa.com/prod_img/500000/239/106/img/20106239_1.jpg?shrink=330:*&_v=20230725120123,5.0
메종마르지엘라 타비 발레리나 플랫 슈즈 S58WZ0042 P3753,구두,천연가죽,38,https://img.danawa.com/prod_img/500000/597/155/img/12155597_1.jpg?shrink=330:*&_v=20230907152213,3.8
락포트 로빈슨 플레인 토 WP 미디움 구두 CI3077,구두,천연가죽,36,https://img.danawa.com/prod_img/500000/589/119/img/17119589_1.jpg?shrink=330:*&_v=20220602160731,4.0
락포트 트루플렉스 드레스포츠 윙팁 CI9552,캐주얼화,천연가죽,35,https://img.danawa.com/prod_img/500000/884/144/img/13144884_1.jpg?shrink=330:*&_v=20220929101115,3.8
스케쳐스 맥스 쿠셔닝 엘리트 SP0MRCDX051,런닝화,폴리에스터,34,https://img.danawa.com/prod_img/500000/847/075/img/19075847_1.jpg?shrink=330:*&_v=20230526140540,5.0
크록스 듀엣 맥스 2 클로그 208776-160,샌들,EVA,33,https://img.danawa.com/prod_img/500000/401/501/img/21501401_1.jpg?shrink=330:*&_v=20230712130525,4.8
아디다스 울트라부스트 22 GZ0127,런닝화,"천연가죽,인조가죽,PU(폴리우레탄)",33,https://img.danawa.com/prod_img/500000/748/390/img/16390748_1.jpg?shrink=330:*&_v=20220701173335,4.8
휠라 레인저 22 1RM02145E_001,운동화,"인조가죽,폴리에스터",33,https://img.danawa.com/prod_img/500000/691/614/img/17614691_1.jpg?shrink=330:*&_v=20220808110003,4.5
비에프엘 아웃도어 방한부츠 M100 (블랙),부츠,인조가죽,32,https://img.danawa.com/prod_img/500000/220/986/img/17986220_1.jpg?shrink=330:*&_v=20221013132744,3.8
웨버 콜드 블락 3.0 WV19080 (BK),캐주얼화,인조가죽+폴리에스터,32,https://img.danawa.com/prod_img/500000/720/948/img/9948720_1.jpg?shrink=330:*&_v=20201117101929,4.8
르까프 스템 V2 1121SB403,슬립온,인조가죽,31,https://img.danawa.com/prod_img/500000/800/990/img/15990800_1.jpg?shrink=330:*&_v=20220224092744,4.8
버윅 옥스퍼드 5341 4406,구두,천연가죽,31,https://img.danawa.com/prod_img/500000/697/648/img/16648697_1.jpg?shrink=330:*&_v=20231005132655,4.5
아이더 쿠거 DUF20N80,스니커즈,인조가죽,31,https://img.danawa.com/prod_img/500000/054/097/img/13097054_1.jpg?shrink=330:*&_v=20210108141507,5.0
닥터마틴 2976 YS 첼시부츠 22227001,부츠,천연가죽,31,https://img.danawa.com/prod_img/500000/673/619/img/5619673_1.jpg?shrink=330:*&_v=20201008132123,4.8
아식스 젤 컨텐드 8 4E 112330218-001,런닝화,인조가죽,31,https://img.danawa.com/prod_img/500000/965/678/img/21678965_1.jpg?shrink=330:*&_v=20230721125710,3.8
탠디 슬립온 HA18001,구두,천연가죽,29,https://img.danawa.com/prod_img/500000/621/524/img/10524621_1.jpg?shrink=330:*&_v=20210831100242,4.8
UGG 타즈 16633-03506,슬리퍼,천연가죽,29,https://img.danawa.com/prod_img/500000/204/680/img/27680204_1.jpg?shrink=330:*&_v=20230821163339,4.0
낫소 X 마블 폴딩 방한화 (블랙),슬립온,EVA,28,https://img.danawa.com/prod_img/500000/196/040/img/18040196_1.jpg?shrink=330:*&_v=20221019133704,4.8
클락스 왈라비 26155515,캐주얼화,천연가죽,28,https://img.danawa.com/prod_img/500000/973/730/img/12730973_1.jpg?shrink=330:*&_v=20231116164023,4.5
골든구스 슈퍼스타 스니커즈 GMF00101 F000312 60246,캐주얼화,천연가죽,28,https://img.danawa.com/prod_img/500000/461/087/img/12087461_1.jpg?shrink=330:*&_v=20230126091506,4.2
스케쳐스 고 워크 아치 핏 SP0MW21Y031,워킹화,폴리에스터,28,https://img.danawa.com/prod_img/500000/154/283/img/15283154_1.jpg?shrink=330:*&_v=20230526144407,4.8
UGG 클래식 미니 II 부츠 1017715K-CHE,부츠,천연가죽,27,https://img.danawa.com/prod_img/500000/395/693/img/12693395_1.jpg?shrink=330:*&_v=20221101124558,4.8
뉴발란스 530 운동화 MR530CK,운동화,"천연가죽,인조가죽",27,https://img.danawa.com/prod_img/500000/528/351/img/20351528_1.jpg?shrink=330:*&_v=20231121131841,3.5
ECCO 스트릿 트레이 고어텍스 504574-01001,캐주얼화,천연가죽,26,https://img.danawa.com/prod_img/500000/480/263/img/12263480_1.jpg?shrink=330:*&_v=20200914132944,4.8
써코니 액손 3 S20826-12,런닝화,폴리에스터,26,https://img.danawa.com/prod_img/500000/841/844/img/18844841_1.jpg?shrink=330:*&_v=20230126143542,4.2
락포트 베드포드 페니 CI9762,구두,천연가죽,25,https://img.danawa.com/prod_img/500000/713/144/img/13144713_1.jpg?shrink=330:*&_v=20220929095601,3.5
CAMPER 뉴만 K100152-021,구두,천연가죽,24,https://img.danawa.com/prod_img/500000/573/838/img/13838573_1.jpg?shrink=330:*&_v=20221012155041,4.5
크록스 바야 라인드 마블 클로그 208333-0C4,샌들,EVA,24,https://img.danawa.com/prod_img/500000/960/325/img/28325960_1.jpg?shrink=330:*&_v=20230918105825,4.0
리갈 플레인 키높이구두 MMX7777FG16,구두,천연가죽,24,https://img.danawa.com/prod_img/500000/096/944/img/12944096_1.jpg?shrink=330:*&_v=20220329135333,4.8
크록스 멜로우 리커버리 클로그 208493-001,슬리퍼,EVA,23,https://img.danawa.com/prod_img/500000/895/562/img/21562895_1.jpg?shrink=330:*&_v=20230808160319,3.5
UGG 타스만 2 5955,슬리퍼,천연가죽,23,https://img.danawa.com/prod_img/500000/712/604/img/15604712_1.jpg?shrink=330:*&_v=20230913160848,4.2
CAMPER 러너 포 K100226-017,캐주얼화,천연가죽,23,https://img.danawa.com/prod_img/500000/207/423/img/7423207_1.jpg?shrink=330:*&_v=20221012154958,4.5
UGG 클래식 울트라 미니 플랫폼 1135092,부츠,천연가죽,22,https://img.danawa.com/prod_img/500000/524/327/img/18327524_1.jpg?shrink=330:*&_v=20230913163646,3.5
아디다스 게임코트 2 IG9568,테니스화,폴리에스터,20,https://img.danawa.com/prod_img/500000/164/226/img/20226164_1.jpg?shrink=330:*&_v=20230518140731,4.2
뉴발란스 프레쉬폼x 880v12 W880B12,런닝화,폴리에스터,20,https://img.danawa.com/prod_img/500000/064/470/img/20470064_1.jpg?shrink=330:*&_v=20230608154821,4.5
낫소 방수 방한 EVA 슬립온 (네이비),슬립온,EVA,20,https://img.danawa.com/prod_img/500000/430/466/img/18466430_1.jpg?shrink=330:*&_v=20221209170204,3.8
푸마 스노우배 393920-01,부츠,인조가죽,20,https://img.danawa.com/prod_img/500000/218/310/img/29310218_1.jpg?shrink=330:*&_v=20231024154839,4.2
스케쳐스 크레스톤 SP0MSCDW011,운동화,폴리에스터,19,https://img.danawa.com/prod_img/500000/160/444/img/28444160_1.jpg?shrink=330:*&_v=20230922124813,4.2
닥스 키높이 정장구두 DMX072KH20,구두,천연가죽,19,https://img.danawa.com/prod_img/500000/078/979/img/13979078_1.jpg?shrink=330:*&_v=20211105160955,4.8
락포트 트루테크 로퍼 CI5931,구두,천연가죽,19,https://img.danawa.com/prod_img/500000/183/170/img/15170183_1.jpg?shrink=330:*&_v=20230131155954,3.8
UGG 타스만 5950,슬리퍼,천연가죽,18,https://img.danawa.com/prod_img/500000/970/604/img/15604970_1.jpg?shrink=330:*&_v=20231115175947,4.2
푸마 벨로시티 나이트로 2 고어텍스 377507-01,런닝화,폴리에스터,18,https://img.danawa.com/prod_img/500000/971/012/img/18012971_1.jpg?shrink=330:*&_v=20221017151601,4.8
아식스 젤 카야노 29 1011B440-101,런닝화,폴리에스터,18,https://img.danawa.com/prod_img/500000/059/964/img/17964059_1.jpg?shrink=330:*&_v=20221011132334,4.8
스케쳐스 맥스 쿠셔닝 프리미어 2.0 SP0MRCDY011,런닝화,폴리에스터,18,https://img.danawa.com/prod_img/500000/018/036/img/26036018_1.jpg?shrink=330:*&_v=20230803125436,4.8
엘르옴므 소가죽 방한 슈즈,캐주얼화,인조가죽+천연가죽,17,https://img.danawa.com/prod_img/500000/215/651/img/18651215_1.jpg?shrink=330:*&_v=20230103162912,4.2
아이스팩토리 ICE-30 겨울 방한장화,낚시화,보아,17,https://img.danawa.com/prod_img/500000/858/800/img/15800858_1.jpg?shrink=330:*&_v=20211129120447,4.0
태광산업 TK-B411 방한장화,낚시화,"겉-EVA,안-털",17,https://img.danawa.com/prod_img/500000/147/972/img/5972147_1.jpg?shrink=330:*&_v=20221103171921,3.5
라코스테 카나비 프로 TRI 123 1 SMA 7-45SMA0114-407,캐주얼화,인조가죽+천연가죽,17,https://img.danawa.com/prod_img/500000/258/590/img/21590258_1.jpg?shrink=330:*&_v=20230718131801,4.0
뉴 다우니 털 슬리퍼,거실 실내화,폴리에스터,16,https://img.danawa.com/prod_img/500000/760/877/img/15877760_1.jpg?shrink=330:*&_v=20221222091836,3.5
노스페이스 부티 숏 NS99P54A,부츠,나일론,16,https://img.danawa.com/prod_img/500000/101/554/img/28554101_1.jpg?shrink=330:*&_v=20231006130125,3.8
락포트 토탈모션 시티 플레인 토 CI5637,캐주얼화,천연가죽,16,https://img.danawa.com/prod_img/500000/872/777/img/15777872_1.jpg?shrink=330:*&_v=20220602160731,4.5
크록스 퍼에버 크러쉬 208446-2Y2,슬리퍼,폴리에스터+EVA,15,https://img.danawa.com/prod_img/500000/109/758/img/29758109_1.jpg?shrink=330:*&_v=20231103134919,4.0
락포트 비비안 뮬 CJ0736,슬리퍼,천연가죽,15,https://img.danawa.com/prod_img/500000/117/889/img/19889117_1.jpg?shrink=330:*&_v=20230421162515,4.2
푸마 터프 패딩 플러스 392836-01,슬립온,나일론,15,https://img.danawa.com/prod_img/500000/573/306/img/29306573_1.jpg?shrink=330:*&_v=20231024134332,4.8
스타카토 어글리 스니커즈 UGLY2-WIT,캐주얼화,천연가죽,15,https://img.danawa.com/prod_img/500000/910/712/img/15712910_1.jpg?shrink=330:*&_v=20220519172911,4.0
노스페이스 부티 숏 커프 NS99P51A,부츠,나일론,14,https://img.danawa.com/prod_img/500000/864/553/img/28553864_1.jpg?shrink=330:*&_v=20231006125144,4.2
프로스펙스 에어셀 1 PW0UW19F561,워킹화,폴리에스터,14,https://img.danawa.com/prod_img/500000/725/261/img/10261725_1.jpg?shrink=330:*&_v=20211202111411,4.2
아디다스 듀라모 SL 와이드 IF7254,런닝화,폴리에스터,14,https://img.danawa.com/prod_img/500000/731/589/img/20589731_1.jpg?shrink=330:*&_v=20230621144816,5.0
노스페이스 눕시 뮬 슬립온 NS93P52A,슬립온,폴리에스터,13,https://img.danawa.com/prod_img/500000/606/944/img/27944606_1.jpg?shrink=330:*&_v=20230901123559,4.2
노스페이스 부티 클래식 NS99P55A,부츠,"나일론,PU(폴리우레탄)",13,https://img.danawa.com/prod_img/500000/293/760/img/29760293_1.jpg?shrink=330:*&_v=20231103150910,4.2
메종마르지엘라 레플리카 페인티드 스니커즈 S37WS0562 P3724 H8339,캐주얼화,천연가죽,13,https://img.danawa.com/prod_img/500000/881/204/img/12204881_1.jpg?shrink=330:*&_v=20210927151624,4.8
나이키 에어포스 1 07 WB CJ9179-200,운동화,천연가죽,12,https://img.danawa.com/prod_img/500000/998/694/img/17694998_1.jpg?shrink=330:*&_v=20220822100035,4.5
락포트 토탈모션 스포츠 머드과드 CI2789,캐주얼화,텍스타일,12,https://img.danawa.com/prod_img/500000/042/401/img/12401042_1.jpg?shrink=330:*&_v=20220602163438,4.5
락포트 토탈모션 액티브 스니커즈 CI9573,캐주얼화,천연가죽,12,https://img.danawa.com/prod_img/500000/921/663/img/17663921_1.jpg?shrink=330:*&_v=20230927093608,4.2
닥스 처커 DMC902KV21,부츠,천연가죽,12,https://img.danawa.com/prod_img/500000/431/024/img/10024431_1.jpg?shrink=330:*&_v=20220706104716,4.8
프리웨이 고어텍스 소가죽 캐주얼화 RICOXC8029MFREF1,캐주얼화,천연가죽,11,https://img.danawa.com/prod_img/500000/240/720/img/17720240_1.jpg?shrink=330:*&_v=20220824174235,4.8
히키스 캐럿 슬리퍼 LS310,거실 실내화,폴리에스터,11,https://img.danawa.com/prod_img/500000/829/826/img/15826829_1.jpg?shrink=330:*&_v=20211201131314,4.2
아디다스 스피리테인 2000 고어텍스 HP6716,런닝화,폴리에스터,10,https://img.danawa.com/prod_img/500000/628/986/img/17986628_1.jpg?shrink=330:*&_v=20221215091550,4.8
아디다스 퍼피렛 삼바 HP6700,슬립온,폴리에스터,10,https://img.danawa.com/prod_img/500000/269/465/img/18465269_1.jpg?shrink=330:*&_v=20221209154504,4.2
나이키 마노아 레더 454350-700,운동화,천연가죽,10,https://img.danawa.com/prod_img/500000/787/133/img/18133787_1.jpg?shrink=330:*&_v=20221027154616,4.5
푸마 매그니파이 나이트로 2 376909-01,런닝화,폴리에스터,9,https://img.danawa.com/prod_img/500000/667/754/img/21754667_1.jpg?shrink=330:*&_v=20230725155555,4.8
스케쳐스 고 워크 아치핏 SP0MWCDY051,워킹화,"천연가죽,폴리에스터",9,https://img.danawa.com/prod_img/500000/122/775/img/20775122_1.jpg?shrink=330:*&_v=20230704140600,3.8
리갈 굿이어웰트 플레인더비 REGOXG2503,구두,천연가죽,9,https://img.danawa.com/prod_img/500000/335/394/img/17394335_1.jpg?shrink=330:*&_v=20231005132254,3.8
오즈웨어 키높이 울트라 미니 부츠 OB658P,부츠,천연가죽,9,https://img.danawa.com/prod_img/500000/742/745/img/18745742_1.jpg?shrink=330:*&_v=20230112171247,4.2
프라다 로고 니트 스니커즈 4E3492 3V98 F0967,캐주얼화,패브릭,8,https://img.danawa.com/prod_img/500000/504/842/img/11842504_1.jpg?shrink=330:*&_v=20230127140025,4.2
락포트 드레스포츠 플러스 플레인 토 CI9219,구두,천연가죽,7,https://img.danawa.com/prod_img/500000/890/262/img/17262890_1.jpg?shrink=330:*&_v=20230131155954,4.0
슈콤마보니 넬라 니트 스니커즈 DG4DA23509,캐주얼화,폴리에스터,6,https://img.danawa.com/prod_img/500000/512/993/img/27993512_1.jpg?shrink=330:*&_v=20230904170039,4.2
클락스 왈라비 2 워터프루프 CLAOXC3625MF1,캐주얼화,천연가죽,6,https://img.danawa.com/prod_img/500000/086/830/img/19830086_1.jpg?shrink=330:*&_v=20230418141051,3.5
아디다스 솔라글라이드 6 HP7612,런닝화,폴리에스터,6,https://img.danawa.com/prod_img/500000/685/807/img/19807685_1.jpg?shrink=330:*&_v=20230417123545,4.5
스케쳐스 고 워크 스테빌리티 SP0WSCDW061,부츠,폴리에스터,6,https://img.danawa.com/prod_img/500000/795/574/img/28574795_1.jpg?shrink=330:*&_v=20231010093627,3.5
반스 하버 뮬 VR3 VN000BCD1KP1,슬리퍼,패브릭+인조가죽,6,https://img.danawa.com/prod_img/500000/433/790/img/27790433_1.jpg?shrink=330:*&_v=20230825165024,4.5
스케쳐스 온 더 고 엘리베이트 SP0WSCDW011,런닝화,천연가죽,6,https://img.danawa.com/prod_img/500000/309/415/img/28415309_1.jpg?shrink=330:*&_v=20230921091645,4.8
프로월드컵 크리스 방한 슬리퍼 (레드),슬리퍼,폴리에스터,6,https://img.danawa.com/prod_img/500000/644/297/img/18297644_1.jpg?shrink=330:*&_v=20221116130156,4.2
르까프 우노 v2 1121SB401,슬립온,인조가죽,6,https://img.danawa.com/prod_img/500000/079/169/img/18169079_1.jpg?shrink=330:*&_v=20221102142302,4.2
팀버랜드 코랄 포인트 6인치 부츠 A1H8Q,워커,천연가죽,5,https://img.danawa.com/prod_img/500000/990/211/img/13211990_1.jpg?shrink=330:*&_v=20210824090602,3.5
락포트 라일리 고어 첼시 WP CI9997,부츠,천연가죽,5,https://img.danawa.com/prod_img/500000/526/211/img/18211526_1.jpg?shrink=330:*&_v=20221108152107,4.5
휠라 푸퍼 매트 1XM02336F_100,슬립온,인조가죽,5,https://img.danawa.com/prod_img/500000/999/309/img/29309999_1.jpg?shrink=330:*&_v=20231024154124,4.0
파라부트 샴보드 CHAMBORD TEX 710709,구두,천연가죽,4,https://img.danawa.com/prod_img/500000/672/843/img/7843672_1.jpg?shrink=330:*&_v=20220607104052,4.5
UGG 타즈 슬라이드 1122553,슬리퍼,천연가죽,4,https://img.danawa.com/prod_img/500000/159/852/img/17852159_1.jpg?shrink=330:*&_v=20230926140306,4.8
아식스 졸트 2 4E 1011A206-003,런닝화,인조가죽,4,https://img.danawa.com/prod_img/500000/941/973/img/17973941_1.jpg?shrink=330:*&_v=20221012123729,4.0
히키스 마카롱 슬리퍼 LS370,거실 실내화,마이크로화이바,3,https://img.danawa.com/prod_img/500000/815/861/img/15861815_1.jpg?shrink=330:*&_v=20211206150018,4.8
세라 소가죽 롱부츠 A22L601,부츠,천연가죽,3,https://img.danawa.com/prod_img/500000/423/779/img/18779423_1.jpg?shrink=330:*&_v=20230117135305,5.0
UGG 클래식 미니 플랫폼 1134991,부츠,천연가죽,3,https://img.danawa.com/prod_img/500000/246/241/img/28241246_1.jpg?shrink=330:*&_v=20230914125427,4.5
크록스 듀엣 맥스 부츠 208773,부츠,폴리에스터+EVA,3,https://img.danawa.com/prod_img/500000/519/562/img/28562519_1.jpg?shrink=330:*&_v=20231101093826,4.0
슈펜 베이직 숏 패딩 부츠 AFTP79W01,부츠,폴리에스터+인조가죽,3,https://img.danawa.com/prod_img/500000/822/638/img/21638822_1.jpg?shrink=330:*&_v=20230719172154,4.2
아디다스 코트플래시 스피드 IG9539,테니스화,폴리에스터,3,https://img.danawa.com/prod_img/500000/710/765/img/27765710_1.jpg?shrink=330:*&_v=20230824163748,4.8
UGG 뉴먼 16533-03011,슬리퍼,천연가죽,3,https://img.danawa.com/prod_img/500000/758/776/img/28776758_1.jpg?shrink=330:*&_v=20231016153428,4.8
락포트 토탈모션 드레스포츠 첼시 CI8973,부츠,천연가죽,3,https://img.danawa.com/prod_img/500000/199/145/img/13145199_1.jpg?shrink=330:*&_v=20220929103701,4.2
밀레(MILLET) 벤프 MVOWB412,슬립온,인조가죽,3,https://img.danawa.com/prod_img/500000/404/198/img/15198404_1.jpg?shrink=330:*&_v=20210908112951,4.5
헌터 인 아웃 니트 패딩 커프 슬립온 부츠 WFS2265REN,부츠,나일론+CPU,2,https://img.danawa.com/prod_img/500000/589/130/img/30130589_1.jpg?shrink=330:*&_v=20231130171213,5.0
슬레진저 알타이카 방한화 R1-57E,부츠,PU(폴리우레탄),2,https://img.danawa.com/prod_img/500000/455/101/img/13101455_1.jpg?shrink=330:*&_v=20210108165402,4.2
뉴발란스 SD3405 뮬 SD3405BE2,슬립온,폴리에스터,2,https://img.danawa.com/prod_img/500000/644/623/img/28623644_1.jpg?shrink=330:*&_v=20231012140106,3.8
소다 하프 반부츠 ALH202HC10,부츠,천연가죽,2,https://img.danawa.com/prod_img/500000/488/447/img/18447488_1.jpg?shrink=330:*&_v=20221207172834,4.8
스케쳐스 온 더 고 조이 SP0WSCDW031,부츠,천연가죽,2,https://img.danawa.com/prod_img/500000/162/415/img/28415162_1.jpg?shrink=330:*&_v=20230921090342,4.8
호카 클리프톤 9 와이드 1132210-BBLC,런닝화,PU(폴리우레탄),2,https://img.danawa.com/prod_img/500000/090/241/img/19241090_1.jpg?shrink=330:*&_v=20230718164325,3.8
골든구스 슈퍼스타 스니커즈 GWF00101 F004065 11373,캐주얼화,천연가죽,2,https://img.danawa.com/prod_img/500000/170/669/img/18669170_1.jpg?shrink=330:*&_v=20230104160516,4.5
리복 리와인드 런 GV8544,운동화,천연가죽,2,https://img.danawa.com/prod_img/500000/529/403/img/18403529_1.jpg?shrink=330:*&_v=20230629153815,3.5
탠디 소가죽 스니커즈 516447 C-1150,캐주얼화,천연가죽,2,https://img.danawa.com/prod_img/500000/848/426/img/18426848_1.jpg?shrink=330:*&_v=20221205164815,3.5
컬럼비아 옐로우테일 쇼티 워터프루프 옴니히트 YU2931-010,부츠,"나일론,폴리에스터",1,https://img.danawa.com/prod_img/500000/793/401/img/29401793_1.jpg?shrink=330:*&_v=20231027154806,4.0
톰브라운 테크 러너 스니커즈 MFD180A 03050 100,캐주얼화,폴리에스터,1,https://img.danawa.com/prod_img/500000/567/213/img/17213567_1.jpg?shrink=330:*&_v=20220608173418,4.8
락포트 토탈모션 드레스포츠 처카 CI9476,부츠,천연가죽,1,https://img.danawa.com/prod_img/500000/226/145/img/13145226_1.jpg?shrink=330:*&_v=20220929103910,5.0
뉴발란스 2002 운동화 M2002RNM,운동화,"천연가죽,폴리에스터",1,https://img.danawa.com/prod_img/500000/915/208/img/19208915_1.jpg?shrink=330:*&_v=20230918141924,4.2
아디다스 아디제로 보스톤 12 HQ2171,런닝화,인조가죽,1,https://img.danawa.com/prod_img/500000/970/825/img/28825970_1.jpg?shrink=330:*&_v=20231018094417,4.5
노스페이스 보레알리스 부티 NS99P53A,부츠,"인조가죽,나일론,PU(폴리우레탄)",1,https://img.danawa.com/prod_img/500000/856/034/img/30034856_1.jpg?shrink=330:*&_v=20231117170215,4.5
락스톤캐나다 야크 방한 운동화 (블랙),운동화,인조가죽,1,https://img.danawa.com/prod_img/500000/740/915/img/18915740_1.jpg?shrink=330:*&_v=20230202180310,3.5
소다 프리미엄 정장구두 AMM152KP10,구두,천연가죽,1,https://img.danawa.com/prod_img/500000/871/994/img/15994871_1.jpg?shrink=330:*&_v=20211221163110,3.8
메종마르지엘라 타비 스니커즈 S37WS0581 P4472 H9015,캐주얼화,패브릭,0,https://img.danawa.com/prod_img/500000/504/791/img/18791504_1.jpg?shrink=330:*&_v=20231124102156,4.2
탠디 소가죽 스니커즈 516216 C-912,캐주얼화,천연가죽,0,https://img.danawa.com/prod_img/500000/134/219/img/12219134_1.jpg?shrink=330:*&_v=20200908110931,4.5
반스 셰르파 슬립-어 2 VN0A4UWO3N11,캐주얼화,패브릭+천연가죽+인조가죽,0,https://img.danawa.com/prod_img/500000/206/970/img/17970206_1.jpg?shrink=330:*&_v=20230105093932,4.0
돌체앤가바나 포르토피노 스니커즈 CS2213 AA335 80001,캐주얼화,천연가죽,0,https://img.danawa.com/prod_img/500000/000/483/img/29483000_1.jpg?shrink=330:*&_v=20231030131253,3.8
톰브라운 비텔로 플렉시블 페니로퍼 MFL076A 05584 001,구두,천연가죽,0,https://img.danawa.com/prod_img/500000/912/916/img/16916912_1.jpg?shrink=330:*&_v=20220517124747,4.0
락포트 토탈모션 스포츠 워터프루프 부츠 CI6327,워커,천연가죽,0,https://img.danawa.com/prod_img/500000/124/820/img/15820124_1.jpg?shrink=330:*&_v=20211130164241,4.8
아식스 젤 카야노 30 1011B548-001,런닝화,인조가죽,0,https://img.danawa.com/prod_img/500000/102/573/img/20573102_1.jpg?shrink=330:*&_v=20230616123216,3.5
오니츠카타이거 멕시코 66 1183C102,캐주얼화,천연가죽,0,https://img.danawa.com/prod_img/500000/421/871/img/18871421_1.jpg?shrink=330:*&_v=20230820162005,4.8
미스치프 아톰 빅 레드 부츠,부츠,TPU+EVA,0,https://img.danawa.com/prod_img/500000/547/165/img/19165547_1.jpg?shrink=330:*&_v=20230228111853,4.5
UGG 클래식 디퍼 16633-02542,부츠,네오프렌,0,https://img.danawa.com/prod_img/500000/311/893/img/28893311_1.jpg?shrink=330:*&_v=20231020174409,4.2
스톤아일랜드 파브리크 레이스업 앵클 부츠 77FWS0404 V0020,워커,천연가죽,0,https://img.danawa.com/prod_img/500000/162/161/img/18161162_1.jpg?shrink=330:*&_v=20231124104553,4.8
지미추 로미 60 힐 펌프스 ROMY 60 KID BLACK,구두,천연가죽,0,https://img.danawa.com/prod_img/500000/974/924/img/27924974_1.jpg?shrink=330:*&_v=20230905135812,3.8
아식스 젤 벤쳐 9 4E 1011B488-001,런닝화,인조가죽,0,https://img.danawa.com/prod_img/500000/946/540/img/28540946_1.jpg?shrink=330:*&_v=20231005161820,3.5
팀버랜드 그린 스트라이드 Atwells Avenue 방수 처커 부츠 A5V1N,부츠,천연가죽,0,https://img.danawa.com/prod_img/500000/128/262/img/29262128_1.jpg?shrink=330:*&_v=20231024125715,4.5